article-449;1
article-92;1
article-470;1
article-243;1
article-255;1
article-1124;1
article-104;1
article-89;1
article-1216;1
article-444;2
article-449;1
article-92;1
article-470;1
article-243;1
article-255;1
article-1124;1
article-104;1
article-89;1
article-1216;1
article-444;2
article-92;1
article-470;1
article-243;1
article-255;1
article-104;1
article-89;2
article-1094;1
article-444;2
article-543;1
article-449;3
article-1142;1
article-1288;1
article-1124;2
article-1216;1
article-53;1
article-99;1
article-92;1
article-470;1
article-151;1
article-452;1
article-255;1
article-79;2
article-1290;3
article-449;3
article-1293;1
article-469;1
article-106;2
article-1196;1
article-1152;3
article-1197;3
article-1199;6
article-1113;1
article-1257;1
article-1237;1
article-1216;1
article-460;1
article-243;1
article-123;4
article-120;2
article-1076;1
article-104;1
article-89;2
article-67;1
article-468;1
article-1094;11
article-444;2
article-543;1
article-1282;13
article-1260;3
article-1284;2
article-1142;1
article-1187;4
article-1288;1
article-1200;2
article-1124;17
article-1245;1
article-53;1
article-99;1
article-92;1
article-470;1
article-151;1
article-452;1
article-255;1
article-79;2
article-237;1
article-1290;3
article-449;3
article-1293;1
article-469;1
article-106;2
article-1196;1
article-1152;3
article-1197;3
article-1199;6
article-1113;1
article-1257;1
article-1237;1
article-1216;1
article-1117;1
article-460;1
article-243;1
article-123;4
article-120;2
article-1076;1
article-104;1
article-89;2
article-67;1
article-468;2
article-1094;11
article-444;2
article-543;1
article-1282;13
article-1260;3
article-1284;2
article-1142;1
article-1187;4
article-1288;1
article-1200;2
article-1124;17
article-1245;1
